{"Index": "N100", "Date": "2015-03-04", "Open": 962.690002, "High": 969.099976, "Low": 958.609985, "Close": 969.099976, "Adj Close": 969.099976, "Volume": 456704300.0, "CloseUSD": 1182.30197072}